competition_year,match,home_team,away_team,home_penalty,away_penalty,home_score_total,away_score_total,winner,winner_reason,date,group_name,round,round_mode,stadium_city,stadium_name,stadium_country,match_attendance,stadium_capacity,attendance_rate
Euro 1960,Czechoslovakia vs. USSR,Czechoslovakia,USSR,,,0,3,USSR,WIN_REGULAR,1960-07-06,,SEMIFINAL,KNOCK_OUT,Marseille,Stade de Marseille,FRA,25184,66534,37.9
Euro 1960,France vs. Yugoslavia,France,Yugoslavia,,,4,5,Yugoslavia,WIN_REGULAR,1960-07-06,,SEMIFINAL,KNOCK_OUT,Paris,Parc des Princes,FRA,26370,47926,55.0
Euro 1960,Czechoslovakia vs. France,Czechoslovakia,France,,,2,0,Czechoslovakia,WIN_REGULAR,1960-07-09,,THIRD_PLAY_OFF,KNOCK_OUT,Marseille,Stade de Marseille,FRA,9438,66534,14.2
Euro 1960,USSR vs. Yugoslavia,USSR,Yugoslavia,,,2,1,USSR,WIN_ON_EXTRA_TIME,1960-07-10,,FINAL,FINAL,Paris,Parc des Princes,FRA,17966,47926,37.5
Euro 1964,Denmark vs. USSR,Denmark,USSR,,,0,3,USSR,WIN_REGULAR,1964-06-17,,SEMIFINAL,KNOCK_OUT,Barcelona,Camp Nou,SPA,38556,94408,40.8
Euro 1964,Spain vs. Hungary,Spain,Hungary,,,2,1,Spain,WIN_ON_EXTRA_TIME,1964-06-17,,SEMIFINAL,KNOCK_OUT,Madrid,Estadio Santiago Bernabéu,SPA,34713,76806,45.2
Euro 1964,Hungary vs. Denmark,Hungary,Denmark,,,3,1,Hungary,WIN_ON_EXTRA_TIME,1964-06-20,,THIRD_PLAY_OFF,KNOCK_OUT,Barcelona,Camp Nou,SPA,3869,94408,4.1
Euro 1964,Spain vs. USSR,Spain,USSR,,,2,1,Spain,WIN_REGULAR,1964-06-21,,FINAL,FINAL,Madrid,Estadio Santiago Bernabéu,SPA,79115,76806,103.0
Euro 1968,Yugoslavia vs. England,Yugoslavia,England,,,1,0,Yugoslavia,WIN_REGULAR,1968-06-05,,SEMIFINAL,KNOCK_OUT,Florence,Stadio Artemio Franchi,ITA,21834,34629,63.1
Euro 1968,Italy vs. USSR,Italy,USSR,,,0,0,Italy*,DRAW,1968-06-05,,SEMIFINAL,KNOCK_OUT,Naples,Stadio San Paolo,ITA,68582,54726,125.3
Euro 1968,Italy vs. Yugoslavia,Italy,Yugoslavia,,,1,1,,DRAW,1968-06-08,,FINAL,FINAL,Rome,Stadio Olimpico,ITA,68817,69689,98.7
Euro 1968,England vs. USSR,England,USSR,,,2,0,England,WIN_REGULAR,1968-06-08,,THIRD_PLAY_OFF,KNOCK_OUT,Rome,Stadio Olimpico,ITA,68817,69689,98.7
Euro 1968,Italy vs. Yugoslavia,Italy,Yugoslavia,,,2,0,Italy,WIN_REGULAR,1968-06-10,,FINAL,FINAL,Rome,Stadio Olimpico,ITA,32886,69689,47.2
Euro 1972,Belgium vs. West Germany,Belgium,West Germany,,,1,2,West Germany,WIN_REGULAR,1972-06-14,,SEMIFINAL,KNOCK_OUT,Deurne,Bosuil,BEL,55601,14385,386.5
Euro 1972,Hungary vs. USSR,Hungary,USSR,,,0,1,USSR,WIN_REGULAR,1972-06-14,,SEMIFINAL,KNOCK_OUT,Brussels,RSC Anderlecht Stadium,BEL,1659,20144,8.2
Euro 1972,Hungary vs. Belgium,Hungary,Belgium,,,1,2,Belgium,WIN_REGULAR,1972-06-17,,THIRD_PLAY_OFF,KNOCK_OUT,Liege,Stade Maurice Dufrasne,BEL,6184,27221,22.7
Euro 1972,West Germany vs. USSR,West Germany,USSR,,,3,0,West Germany,WIN_REGULAR,1972-06-18,,FINAL,FINAL,Brussels,King Baudouin Stadium,BEL,43066,48693,88.4
Euro 1976,Czechoslovakia vs. Netherlands,Czechoslovakia,Netherlands,,,3,1,Czechoslovakia,WIN_ON_EXTRA_TIME,1976-06-16,,SEMIFINAL,KNOCK_OUT,Zagreb,Stadion Maksimir,CRO,17879,25074,71.3
Euro 1976,Yugoslavia vs. West Germany,Yugoslavia,West Germany,,,2,4,West Germany,WIN_ON_EXTRA_TIME,1976-06-17,,SEMIFINAL,KNOCK_OUT,Belgrade,Stadion Rajko Mitić,SRB,50652,49450,102.4
Euro 1976,Netherlands vs. Yugoslavia,Netherlands,Yugoslavia,,,3,2,Netherlands,WIN_ON_EXTRA_TIME,1976-06-19,,THIRD_PLAY_OFF,KNOCK_OUT,Zagreb,Stadion Maksimir,CRO,6766,25074,27.0
Euro 1976,Czechoslovakia vs. West Germany,Czechoslovakia,West Germany,5,3,2,2,Czechoslovakia,WIN_ON_PENALTIES,1976-06-20,,FINAL,FINAL,Belgrade,Stadion Rajko Mitić,SRB,30790,49450,62.3
Euro 1980,Czechoslovakia vs. West Germany,Czechoslovakia,West Germany,,,0,1,West Germany,WIN_REGULAR,1980-06-11,Group 1,GROUP_STANDINGS,GROUP,Rome,Stadio Olimpico,ITA,10500,69689,15.1
Euro 1980,Netherlands vs. Greece,Netherlands,Greece,,,1,0,Netherlands,WIN_REGULAR,1980-06-11,Group 1,GROUP_STANDINGS,GROUP,Naples,Stadio Diego Armando Maradona,ITA,14990,54726,27.4
Euro 1980,Belgium vs. England,Belgium,England,,,1,1,,DRAW,1980-06-12,Group 2,GROUP_STANDINGS,GROUP,Turin,Delle Alpi,ITA,15186,66979,22.7
Euro 1980,Spain vs. Italy,Spain,Italy,,,0,0,,DRAW,1980-06-12,Group 2,GROUP_STANDINGS,GROUP,Milan,Stadio San Siro,ITA,46337,75725,61.2
Euro 1980,West Germany vs. Netherlands,West Germany,Netherlands,,,3,2,West Germany,WIN_REGULAR,1980-06-14,Group 1,GROUP_STANDINGS,GROUP,Naples,Stadio Diego Armando Maradona,ITA,29889,54726,54.6
Euro 1980,Greece vs. Czechoslovakia,Greece,Czechoslovakia,,,1,3,Czechoslovakia,WIN_REGULAR,1980-06-14,Group 1,GROUP_STANDINGS,GROUP,Rome,Stadio Olimpico,ITA,7614,69689,10.9
Euro 1980,Belgium vs. Spain,Belgium,Spain,,,2,1,Belgium,WIN_REGULAR,1980-06-15,Group 2,GROUP_STANDINGS,GROUP,Milan,Stadio San Siro,ITA,11430,75725,15.1
Euro 1980,England vs. Italy,England,Italy,,,0,1,Italy,WIN_REGULAR,1980-06-15,Group 2,GROUP_STANDINGS,GROUP,Turin,Delle Alpi,ITA,59649,66979,89.1
Euro 1980,Netherlands vs. Czechoslovakia,Netherlands,Czechoslovakia,,,1,1,,DRAW,1980-06-17,Group 1,GROUP_STANDINGS,GROUP,Milan,Stadio San Siro,ITA,11889,75725,15.7
Euro 1980,Greece vs. West Germany,Greece,West Germany,,,0,0,,DRAW,1980-06-17,Group 1,GROUP_STANDINGS,GROUP,Turin,Delle Alpi,ITA,13901,66979,20.8
Euro 1980,Spain vs. England,Spain,England,,,1,2,England,WIN_REGULAR,1980-06-18,Group 2,GROUP_STANDINGS,GROUP,Naples,Stadio Diego Armando Maradona,ITA,14440,54726,26.4
Euro 1980,Italy vs. Belgium,Italy,Belgium,,,0,0,,DRAW,1980-06-18,Group 2,GROUP_STANDINGS,GROUP,Rome,Stadio Olimpico,ITA,42318,69689,60.7
Euro 1980,Czechoslovakia vs. Italy,Czechoslovakia,Italy,9,8,1,1,Czechoslovakia,WIN_ON_PENALTIES,1980-06-21,,THIRD_PLAY_OFF,KNOCK_OUT,Naples,Stadio Diego Armando Maradona,ITA,24652,54726,45.0
Euro 1980,Belgium vs. West Germany,Belgium,West Germany,,,1,2,West Germany,WIN_REGULAR,1980-06-22,,FINAL,FINAL,Rome,Stadio Olimpico,ITA,47860,69689,68.7
Euro 1984,France vs. Denmark,France,Denmark,,,1,0,France,WIN_REGULAR,1984-06-12,Group 1,GROUP_STANDINGS,GROUP,Paris,Parc des Princes,FRA,47570,47926,99.3
Euro 1984,Belgium vs. Yugoslavia,Belgium,Yugoslavia,,,2,0,Belgium,WIN_REGULAR,1984-06-13,Group 1,GROUP_STANDINGS,GROUP,Lens Agglo,Stade Bollaert-Delelis,FRA,41525,38223,108.6
Euro 1984,West Germany vs. Portugal,West Germany,Portugal,,,0,0,,DRAW,1984-06-14,Group 2,GROUP_STANDINGS,GROUP,Strasbourg,Stade de La Meinau,FRA,44707,24077,185.7
Euro 1984,Romania vs. Spain,Romania,Spain,,,1,1,,DRAW,1984-06-14,Group 2,GROUP_STANDINGS,GROUP,Saint-Etienne,Stade Geoffroy Guichard,FRA,16972,42000,40.4
Euro 1984,France vs. Belgium,France,Belgium,,,5,0,France,WIN_REGULAR,1984-06-16,Group 1,GROUP_STANDINGS,GROUP,Nantes,Stade de la Beaujoire,FRA,51359,35291,145.5
Euro 1984,Denmark vs. Yugoslavia,Denmark,Yugoslavia,,,5,0,Denmark,WIN_REGULAR,1984-06-16,Group 1,GROUP_STANDINGS,GROUP,Lyon,Stade de Gerland,FRA,34736,41069,84.6
Euro 1984,West Germany vs. Romania,West Germany,Romania,,,2,1,West Germany,WIN_REGULAR,1984-06-17,Group 2,GROUP_STANDINGS,GROUP,Lens Agglo,Stade Bollaert-Delelis,FRA,31787,38223,83.2
Euro 1984,Portugal vs. Spain,Portugal,Spain,,,1,1,,DRAW,1984-06-17,Group 2,GROUP_STANDINGS,GROUP,Marseille,Stade de Marseille,FRA,24364,66534,36.6
Euro 1984,Denmark vs. Belgium,Denmark,Belgium,,,3,2,Denmark,WIN_REGULAR,1984-06-19,Group 1,GROUP_STANDINGS,GROUP,Strasbourg,Stade de La Meinau,FRA,36911,24077,153.3
Euro 1984,France vs. Yugoslavia,France,Yugoslavia,,,3,2,France,WIN_REGULAR,1984-06-19,Group 1,GROUP_STANDINGS,GROUP,Saint-Etienne,Stade Geoffroy Guichard,FRA,47510,42000,113.1
Euro 1984,Portugal vs. Romania,Portugal,Romania,,,1,0,Portugal,WIN_REGULAR,1984-06-20,Group 2,GROUP_STANDINGS,GROUP,Nantes,Stade de la Beaujoire,FRA,24464,35291,69.3
Euro 1984,West Germany vs. Spain,West Germany,Spain,,,0,1,Spain,WIN_REGULAR,1984-06-20,Group 2,GROUP_STANDINGS,GROUP,Paris,Parc des Princes,FRA,47691,47926,99.5
Euro 1984,France vs. Portugal,France,Portugal,,,3,2,France,WIN_ON_EXTRA_TIME,1984-06-23,,SEMIFINAL,KNOCK_OUT,Marseille,Stade de Marseille,FRA,54848,66534,82.4
Euro 1984,Denmark vs. Spain,Denmark,Spain,4,5,1,1,Spain,WIN_ON_PENALTIES,1984-06-24,,SEMIFINAL,KNOCK_OUT,Lyon,Stade de Gerland,FRA,47843,41069,116.5
Euro 1984,France vs. Spain,France,Spain,,,2,0,France,WIN_REGULAR,1984-06-27,,FINAL,FINAL,Paris,Parc des Princes,FRA,47368,47926,98.8
Euro 1988,West Germany vs. Italy,West Germany,Italy,,,1,1,,DRAW,1988-06-10,Group 1,GROUP_STANDINGS,GROUP,Dusseldorf,Rheinstadion,GER,62552,43500,143.8
Euro 1988,Denmark vs. Spain,Denmark,Spain,,,2,3,Spain,WIN_REGULAR,1988-06-11,Group 1,GROUP_STANDINGS,GROUP,Hanover,Stadion Hannover,GER,55707,45000,123.8
Euro 1988,England vs. Republic of Ireland,England,Republic of Ireland,,,0,1,Republic of Ireland,WIN_REGULAR,1988-06-12,Group 2,GROUP_STANDINGS,GROUP,Stuttgart,Arena Stuttgart,GER,51373,54697,93.9
Euro 1988,Netherlands vs. USSR,Netherlands,USSR,,,0,1,USSR,WIN_REGULAR,1988-06-12,Group 2,GROUP_STANDINGS,GROUP,Cologne,Stadion Köln,GER,54336,45134,120.4
Euro 1988,West Germany vs. Denmark,West Germany,Denmark,,,2,0,West Germany,WIN_REGULAR,1988-06-14,Group 1,GROUP_STANDINGS,GROUP,Gelsenkirchen,Parkstadion,GER,64812,49785,130.2
Euro 1988,Italy vs. Spain,Italy,Spain,,,1,0,Italy,WIN_REGULAR,1988-06-14,Group 1,GROUP_STANDINGS,GROUP,Frankfurt am Main,Waldstadion (old),GER,47506,30059,158.0
Euro 1988,England vs. Netherlands,England,Netherlands,,,1,3,Netherlands,WIN_REGULAR,1988-06-15,Group 2,GROUP_STANDINGS,GROUP,Dusseldorf,Rheinstadion,GER,63940,43500,147.0
Euro 1988,Republic of Ireland vs. USSR,Republic of Ireland,USSR,,,1,1,,DRAW,1988-06-15,Group 2,GROUP_STANDINGS,GROUP,Hanover,Stadion Hannover,GER,38308,45000,85.1
Euro 1988,West Germany vs. Spain,West Germany,Spain,,,2,0,West Germany,WIN_REGULAR,1988-06-17,Group 1,GROUP_STANDINGS,GROUP,Munich,Olympiastadion,GER,63802,60252,105.9
Euro 1988,Italy vs. Denmark,Italy,Denmark,,,2,0,Italy,WIN_REGULAR,1988-06-17,Group 1,GROUP_STANDINGS,GROUP,Cologne,Stadion Köln,GER,53951,45134,119.5
Euro 1988,Republic of Ireland vs. Netherlands,Republic of Ireland,Netherlands,,,0,1,Netherlands,WIN_REGULAR,1988-06-18,Group 2,GROUP_STANDINGS,GROUP,Gelsenkirchen,Parkstadion,GER,64731,49785,130.0
Euro 1988,England vs. USSR,England,USSR,,,1,3,USSR,WIN_REGULAR,1988-06-18,Group 2,GROUP_STANDINGS,GROUP,Frankfurt am Main,Waldstadion (old),GER,48335,30059,160.8
Euro 1988,West Germany vs. Netherlands,West Germany,Netherlands,,,1,2,Netherlands,WIN_REGULAR,1988-06-21,,SEMIFINAL,KNOCK_OUT,Hamburg,Volksparkstadion,GER,56115,0,#¡DIV/0!
Euro 1988,USSR vs. Italy,USSR,Italy,,,2,0,USSR,WIN_REGULAR,1988-06-22,,SEMIFINAL,KNOCK_OUT,Stuttgart,Arena Stuttgart,GER,61606,54697,112.6
Euro 1988,USSR vs. Netherlands,USSR,Netherlands,,,0,2,Netherlands,WIN_REGULAR,1988-06-25,,FINAL,FINAL,Munich,Olympiastadion,GER,62770,60252,104.2
Euro 1992,Sweden vs. France,Sweden,France,,,1,1,,DRAW,1992-06-10,Group 1,GROUP_STANDINGS,GROUP,Solna,Råsunda,SWE,30000,35572,84.3
Euro 1992,Denmark vs. England,Denmark,England,,,0,0,,DRAW,1992-06-11,Group 1,GROUP_STANDINGS,GROUP,Malmö,Malmö Idrottsplats,SWE,26385,1541,1712.2
Euro 1992,Netherlands vs. Scotland,Netherlands,Scotland,,,1,0,Netherlands,WIN_REGULAR,1992-06-12,Group 2,GROUP_STANDINGS,GROUP,Gothenburg,Ullevi,SWE,35720,39705,90.0
Euro 1992,Commonwealth of Independent States vs. Germany,Commonwealth of Independent States,Germany,,,1,1,,DRAW,1992-06-12,Group 2,GROUP_STANDINGS,GROUP,Norrkoping,NYA Parken,SWE,17700,10227,173.1
Euro 1992,France vs. England,France,England,,,0,0,,DRAW,1992-06-14,Group 1,GROUP_STANDINGS,GROUP,Malmö,Malmö Idrottsplats,SWE,26535,1541,1721.9
Euro 1992,Sweden vs. Denmark,Sweden,Denmark,,,1,0,Sweden,WIN_REGULAR,1992-06-14,Group 1,GROUP_STANDINGS,GROUP,Solna,Råsunda,SWE,29902,35572,84.1
Euro 1992,Scotland vs. Germany,Scotland,Germany,,,0,2,Germany,WIN_REGULAR,1992-06-15,Group 2,GROUP_STANDINGS,GROUP,Norrkoping,NYA Parken,SWE,17800,10227,174.0
Euro 1992,Netherlands vs. Commonwealth of Independent States,Netherlands,Commonwealth of Independent States,,,0,0,,DRAW,1992-06-15,Group 2,GROUP_STANDINGS,GROUP,Gothenburg,Ullevi,SWE,34440,39705,86.7
Euro 1992,France vs. Denmark,France,Denmark,,,1,2,Denmark,WIN_REGULAR,1992-06-17,Group 1,GROUP_STANDINGS,GROUP,Malmö,Malmö Idrottsplats,SWE,25763,1541,1671.8
Euro 1992,Sweden vs. England,Sweden,England,,,2,1,Sweden,WIN_REGULAR,1992-06-17,Group 1,GROUP_STANDINGS,GROUP,Solna,Råsunda,SWE,30126,35572,84.7
Euro 1992,Scotland vs. Commonwealth of Independent States,Scotland,Commonwealth of Independent States,,,3,0,Scotland,WIN_REGULAR,1992-06-18,Group 2,GROUP_STANDINGS,GROUP,Norrkoping,NYA Parken,SWE,14660,10227,143.3
Euro 1992,Netherlands vs. Germany,Netherlands,Germany,,,3,1,Netherlands,WIN_REGULAR,1992-06-18,Group 2,GROUP_STANDINGS,GROUP,Gothenburg,Ullevi,SWE,37725,39705,95.0
Euro 1992,Sweden vs. Germany,Sweden,Germany,,,2,3,Germany,WIN_REGULAR,1992-06-21,,SEMIFINAL,KNOCK_OUT,Solna,Råsunda,SWE,27827,35572,78.2
Euro 1992,Netherlands vs. Denmark,Netherlands,Denmark,4,5,2,2,Denmark,WIN_ON_PENALTIES,1992-06-22,,SEMIFINAL,KNOCK_OUT,Gothenburg,Ullevi,SWE,37450,39705,94.3
Euro 1992,Denmark vs. Germany,Denmark,Germany,,,2,0,Denmark,WIN_REGULAR,1992-06-26,,FINAL,FINAL,Gothenburg,Ullevi,SWE,37800,39705,95.2
Euro 1996,England vs. Switzerland,England,Switzerland,,,1,1,,DRAW,1996-06-08,Group A,GROUP_STANDINGS,GROUP,London,Wembley (old),ENG,76567,78311,97.8
Euro 1996,Spain vs. Bulgaria,Spain,Bulgaria,,,1,1,,DRAW,1996-06-09,Group B,GROUP_STANDINGS,GROUP,Leeds,Elland Road,ENG,24006,37792,63.5
Euro 1996,Germany vs. Czechia,Germany,Czechia,,,2,0,Germany,WIN_REGULAR,1996-06-09,Group C,GROUP_STANDINGS,GROUP,Manchester,Old Trafford,ENG,37300,73924,50.5
Euro 1996,Denmark vs. Portugal,Denmark,Portugal,,,1,1,,DRAW,1996-06-09,Group D,GROUP_STANDINGS,GROUP,Sheffield,Hillsborough,ENG,34993,39814,87.9
Euro 1996,Netherlands vs. Scotland,Netherlands,Scotland,,,0,0,,DRAW,1996-06-10,Group A,GROUP_STANDINGS,GROUP,Birmingham,Villa Park,ENG,34363,42788,80.3
Euro 1996,Romania vs. France,Romania,France,,,0,1,France,WIN_REGULAR,1996-06-10,Group B,GROUP_STANDINGS,GROUP,Newcastle,St James' Park,ENG,26323,52258,50.4
Euro 1996,Italy vs. Russia,Italy,Russia,,,2,1,Italy,WIN_REGULAR,1996-06-11,Group C,GROUP_STANDINGS,GROUP,Liverpool,Anfield,ENG,35120,54022,65.0
Euro 1996,Türkiye vs. Croatia,Türkiye,Croatia,,,0,1,Croatia,WIN_REGULAR,1996-06-11,Group D,GROUP_STANDINGS,GROUP,Nottingham,City Ground,ENG,22460,30000,74.9
Euro 1996,Bulgaria vs. Romania,Bulgaria,Romania,,,1,0,Bulgaria,WIN_REGULAR,1996-06-13,Group B,GROUP_STANDINGS,GROUP,Newcastle,St James' Park,ENG,19107,52258,36.6
Euro 1996,Switzerland vs. Netherlands,Switzerland,Netherlands,,,0,2,Netherlands,WIN_REGULAR,1996-06-13,Group A,GROUP_STANDINGS,GROUP,Birmingham,Villa Park,ENG,36800,42788,86.0
Euro 1996,Portugal vs. Türkiye,Portugal,Türkiye,,,1,0,Portugal,WIN_REGULAR,1996-06-14,Group D,GROUP_STANDINGS,GROUP,Nottingham,City Ground,ENG,22670,30000,75.6
Euro 1996,Czechia vs. Italy,Czechia,Italy,,,2,1,Czechia,WIN_REGULAR,1996-06-14,Group C,GROUP_STANDINGS,GROUP,Liverpool,Anfield,ENG,37320,54022,69.1
Euro 1996,Scotland vs. England,Scotland,England,,,0,2,England,WIN_REGULAR,1996-06-15,Group A,GROUP_STANDINGS,GROUP,London,Wembley (old),ENG,76864,78311,98.2
Euro 1996,France vs. Spain,France,Spain,,,1,1,,DRAW,1996-06-15,Group B,GROUP_STANDINGS,GROUP,Leeds,Elland Road,ENG,35626,37792,94.3
Euro 1996,Russia vs. Germany,Russia,Germany,,,0,3,Germany,WIN_REGULAR,1996-06-16,Group C,GROUP_STANDINGS,GROUP,Manchester,Old Trafford,ENG,50760,73924,68.7
Euro 1996,Croatia vs. Denmark,Croatia,Denmark,,,3,0,Croatia,WIN_REGULAR,1996-06-16,Group D,GROUP_STANDINGS,GROUP,Sheffield,Hillsborough,ENG,33671,39814,84.6
Euro 1996,Romania vs. Spain,Romania,Spain,,,1,2,Spain,WIN_REGULAR,1996-06-18,Group B,GROUP_STANDINGS,GROUP,Leeds,Elland Road,ENG,32719,37792,86.6
Euro 1996,France vs. Bulgaria,France,Bulgaria,,,3,1,France,WIN_REGULAR,1996-06-18,Group B,GROUP_STANDINGS,GROUP,Newcastle,St James' Park,ENG,26976,52258,51.6
Euro 1996,Netherlands vs. England,Netherlands,England,,,1,4,England,WIN_REGULAR,1996-06-18,Group A,GROUP_STANDINGS,GROUP,London,Wembley (old),ENG,76798,78311,98.1
Euro 1996,Scotland vs. Switzerland,Scotland,Switzerland,,,1,0,Scotland,WIN_REGULAR,1996-06-18,Group A,GROUP_STANDINGS,GROUP,Birmingham,Villa Park,ENG,34926,42788,81.6
Euro 1996,Türkiye vs. Denmark,Türkiye,Denmark,,,0,3,Denmark,WIN_REGULAR,1996-06-19,Group D,GROUP_STANDINGS,GROUP,Sheffield,Hillsborough,ENG,28951,39814,72.7
Euro 1996,Croatia vs. Portugal,Croatia,Portugal,,,0,3,Portugal,WIN_REGULAR,1996-06-19,Group D,GROUP_STANDINGS,GROUP,Nottingham,City Ground,ENG,20484,30000,68.3
Euro 1996,Italy vs. Germany,Italy,Germany,,,0,0,,DRAW,1996-06-19,Group C,GROUP_STANDINGS,GROUP,Manchester,Old Trafford,ENG,53740,73924,72.7
Euro 1996,Russia vs. Czechia,Russia,Czechia,,,3,3,,DRAW,1996-06-19,Group C,GROUP_STANDINGS,GROUP,Liverpool,Anfield,ENG,21128,54022,39.1
Euro 1996,Spain vs. England,Spain,England,2,4,0,0,England,WIN_ON_PENALTIES,1996-06-22,,QUARTER_FINALS,KNOCK_OUT,London,Wembley (old),ENG,75440,78311,96.3
Euro 1996,France vs. Netherlands,France,Netherlands,5,4,0,0,France,WIN_ON_PENALTIES,1996-06-22,,QUARTER_FINALS,KNOCK_OUT,Liverpool,Anfield,ENG,37465,54022,69.4
Euro 1996,Germany vs. Croatia,Germany,Croatia,,,2,1,Germany,WIN_REGULAR,1996-06-23,,QUARTER_FINALS,KNOCK_OUT,Manchester,Old Trafford,ENG,43412,73924,58.7
Euro 1996,Czechia vs. Portugal,Czechia,Portugal,,,1,0,Czechia,WIN_REGULAR,1996-06-23,,QUARTER_FINALS,KNOCK_OUT,Birmingham,Villa Park,ENG,26832,42788,62.7
Euro 1996,France vs. Czechia,France,Czechia,5,6,0,0,Czechia,WIN_ON_PENALTIES,1996-06-26,,SEMIFINAL,KNOCK_OUT,Manchester,Old Trafford,ENG,43877,73924,59.4
Euro 1996,Germany vs. England,Germany,England,6,5,1,1,Germany,WIN_ON_PENALTIES,1996-06-26,,SEMIFINAL,KNOCK_OUT,London,Wembley (old),ENG,75862,78311,96.9
Euro 1996,Czechia vs. Germany,Czechia,Germany,,,1,2,Germany,WIN_ON_GOLDEN_GOAL,1996-06-30,,FINAL,FINAL,London,Wembley (old),ENG,73611,78311,94.0
Euro 2000,Belgium vs. Sweden,Belgium,Sweden,,,2,1,Belgium,WIN_REGULAR,2000-06-10,Group B,GROUP_STANDINGS,GROUP,Brussels,King Baudouin Stadium,BEL,46700,48693,95.9
Euro 2000,Türkiye vs. Italy,Türkiye,Italy,,,1,2,Italy,WIN_REGULAR,2000-06-11,Group B,GROUP_STANDINGS,GROUP,Arnhem,GelreDome,NED,22500,21248,105.9
Euro 2000,France vs. Denmark,France,Denmark,,,3,0,France,WIN_REGULAR,2000-06-11,Group D,GROUP_STANDINGS,GROUP,Bruges,Jan Breydelstadion,BEL,28100,28300,99.3
Euro 2000,Netherlands vs. Czechia,Netherlands,Czechia,,,1,0,Netherlands,WIN_REGULAR,2000-06-11,Group D,GROUP_STANDINGS,GROUP,Amsterdam,Johan Cruijff ArenA,NED,50800,53338,95.2
Euro 2000,Germany vs. Romania,Germany,Romania,,,1,1,,DRAW,2000-06-12,Group A,GROUP_STANDINGS,GROUP,Liege,Stade Maurice Dufrasne,BEL,28500,27221,104.7
Euro 2000,Portugal vs. England,Portugal,England,,,3,2,Portugal,WIN_REGULAR,2000-06-12,Group A,GROUP_STANDINGS,GROUP,Eindhoven,PSV Stadion,NED,31500,35000,90.0
Euro 2000,Spain vs. Norway,Spain,Norway,,,0,1,Norway,WIN_REGULAR,2000-06-13,Group C,GROUP_STANDINGS,GROUP,Rotterdam,Stadion Feijenoord 'De Kuip',NED,41000,48100,85.2
Euro 2000,Yugoslavia vs. Slovenia,Yugoslavia,Slovenia,,,3,3,,DRAW,2000-06-13,Group C,GROUP_STANDINGS,GROUP,Charleroi,Stade du Pays de Charleroi,BEL,18500,13750,134.5
Euro 2000,Italy vs. Belgium,Italy,Belgium,,,2,0,Italy,WIN_REGULAR,2000-06-14,Group B,GROUP_STANDINGS,GROUP,Brussels,King Baudouin Stadium,BEL,44500,48693,91.4
Euro 2000,Sweden vs. Türkiye,Sweden,Türkiye,,,0,0,,DRAW,2000-06-15,Group B,GROUP_STANDINGS,GROUP,Eindhoven,PSV Stadion,NED,27000,35000,77.1
Euro 2000,Czechia vs. France,Czechia,France,,,1,2,France,WIN_REGULAR,2000-06-16,Group D,GROUP_STANDINGS,GROUP,Bruges,Jan Breydelstadion,BEL,27243,28300,96.3
Euro 2000,Denmark vs. Netherlands,Denmark,Netherlands,,,0,3,Netherlands,WIN_REGULAR,2000-06-16,Group D,GROUP_STANDINGS,GROUP,Rotterdam,Stadion Feijenoord 'De Kuip',NED,51425,48100,106.9
Euro 2000,Romania vs. Portugal,Romania,Portugal,,,0,1,Portugal,WIN_REGULAR,2000-06-17,Group A,GROUP_STANDINGS,GROUP,Arnhem,GelreDome,NED,28400,21248,133.7
Euro 2000,England vs. Germany,England,Germany,,,1,0,England,WIN_REGULAR,2000-06-17,Group A,GROUP_STANDINGS,GROUP,Charleroi,Stade du Pays de Charleroi,BEL,29000,13750,210.9
Euro 2000,Slovenia vs. Spain,Slovenia,Spain,,,1,2,Spain,WIN_REGULAR,2000-06-18,Group C,GROUP_STANDINGS,GROUP,Amsterdam,Johan Cruijff ArenA,NED,51300,53338,96.2
Euro 2000,Norway vs. Yugoslavia,Norway,Yugoslavia,,,0,1,Yugoslavia,WIN_REGULAR,2000-06-18,Group C,GROUP_STANDINGS,GROUP,Liege,Stade Maurice Dufrasne,BEL,28750,27221,105.6
Euro 2000,Italy vs. Sweden,Italy,Sweden,,,2,1,Italy,WIN_REGULAR,2000-06-19,Group B,GROUP_STANDINGS,GROUP,Eindhoven,PSV Stadion,NED,30000,35000,85.7
Euro 2000,Türkiye vs. Belgium,Türkiye,Belgium,,,2,0,Türkiye,WIN_REGULAR,2000-06-19,Group B,GROUP_STANDINGS,GROUP,Brussels,King Baudouin Stadium,BEL,48000,48693,98.6
Euro 2000,Portugal vs. Germany,Portugal,Germany,,,3,0,Portugal,WIN_REGULAR,2000-06-20,Group A,GROUP_STANDINGS,GROUP,Rotterdam,Stadion Feijenoord 'De Kuip',NED,44000,48100,91.5
Euro 2000,England vs. Romania,England,Romania,,,2,3,Romania,WIN_REGULAR,2000-06-20,Group A,GROUP_STANDINGS,GROUP,Charleroi,Stade du Pays de Charleroi,BEL,30000,13750,218.2
Euro 2000,Slovenia vs. Norway,Slovenia,Norway,,,0,0,,DRAW,2000-06-21,Group C,GROUP_STANDINGS,GROUP,Arnhem,GelreDome,NED,21000,21248,98.8
Euro 2000,Yugoslavia vs. Spain,Yugoslavia,Spain,,,3,4,Spain,WIN_REGULAR,2000-06-21,Group C,GROUP_STANDINGS,GROUP,Bruges,Jan Breydelstadion,BEL,26611,28300,94.0
Euro 2000,France vs. Netherlands,France,Netherlands,,,2,3,Netherlands,WIN_REGULAR,2000-06-21,Group D,GROUP_STANDINGS,GROUP,Amsterdam,Johan Cruijff ArenA,NED,50000,53338,93.7
Euro 2000,Denmark vs. Czechia,Denmark,Czechia,,,0,2,Czechia,WIN_REGULAR,2000-06-21,Group D,GROUP_STANDINGS,GROUP,Liege,Stade Maurice Dufrasne,BEL,20000,27221,73.5
Euro 2000,Türkiye vs. Portugal,Türkiye,Portugal,,,0,2,Portugal,WIN_REGULAR,2000-06-24,,QUARTER_FINALS,KNOCK_OUT,Amsterdam,Johan Cruijff ArenA,NED,42000,53338,78.7
Euro 2000,Italy vs. Romania,Italy,Romania,,,2,0,Italy,WIN_REGULAR,2000-06-24,,QUARTER_FINALS,KNOCK_OUT,Brussels,King Baudouin Stadium,BEL,41000,48693,84.2
Euro 2000,Netherlands vs. Yugoslavia,Netherlands,Yugoslavia,,,6,1,Netherlands,WIN_REGULAR,2000-06-25,,QUARTER_FINALS,KNOCK_OUT,Rotterdam,Stadion Feijenoord 'De Kuip',NED,44000,48100,91.5
Euro 2000,Spain vs. France,Spain,France,,,1,2,France,WIN_REGULAR,2000-06-25,,QUARTER_FINALS,KNOCK_OUT,Bruges,Jan Breydelstadion,BEL,26614,28300,94.0
Euro 2000,France vs. Portugal,France,Portugal,,,2,1,France,WIN_ON_EXTRA_TIME,2000-06-28,,SEMIFINAL,KNOCK_OUT,Brussels,King Baudouin Stadium,BEL,48000,48693,98.6
Euro 2000,Italy vs. Netherlands,Italy,Netherlands,3,1,0,0,Italy,WIN_ON_PENALTIES,2000-06-29,,SEMIFINAL,KNOCK_OUT,Amsterdam,Johan Cruijff ArenA,NED,50000,53338,93.7
Euro 2000,France vs. Italy,France,Italy,,,2,1,France,WIN_ON_GOLDEN_GOAL,2000-07-02,,FINAL,FINAL,Rotterdam,Stadion Feijenoord 'De Kuip',NED,50000,48100,104.0
Euro 2004,Portugal vs. Greece,Portugal,Greece,,,1,2,Greece,WIN_REGULAR,2004-06-12,Group A,GROUP_STANDINGS,GROUP,Porto,Estádio do Dragão,POR,48761,50033,97.5
Euro 2004,Spain vs. Russia,Spain,Russia,,,1,0,Spain,WIN_REGULAR,2004-06-12,Group A,GROUP_STANDINGS,GROUP,Faro-Loulé,Estádio Algarve,POR,28182,21329,132.1
Euro 2004,Switzerland vs. Croatia,Switzerland,Croatia,,,0,0,,DRAW,2004-06-13,Group B,GROUP_STANDINGS,GROUP,Leiria,Estádio Dr. Magalhães Pessoa,POR,24090,22857,105.4
Euro 2004,France vs. England,France,England,,,2,1,France,WIN_REGULAR,2004-06-13,Group B,GROUP_STANDINGS,GROUP,Lisbon,Estádio do SL Benfica,POR,62487,64274,97.2
Euro 2004,Denmark vs. Italy,Denmark,Italy,,,0,0,,DRAW,2004-06-14,Group C,GROUP_STANDINGS,GROUP,Guimaraes,Estádio D. Afonso Henriques,POR,19595,29098,67.3
Euro 2004,Sweden vs. Bulgaria,Sweden,Bulgaria,,,5,0,Sweden,WIN_REGULAR,2004-06-14,Group C,GROUP_STANDINGS,GROUP,Lisbon,Estádio José Alvalade,POR,31652,50061,63.2
Euro 2004,Czechia vs. Latvia,Czechia,Latvia,,,2,1,Czechia,WIN_REGULAR,2004-06-15,Group D,GROUP_STANDINGS,GROUP,Aveiro,Estádio Municipal de Aveiro,POR,21744,31040,70.1
Euro 2004,Germany vs. Netherlands,Germany,Netherlands,,,1,1,,DRAW,2004-06-15,Group D,GROUP_STANDINGS,GROUP,Porto,Estádio do Dragão,POR,48197,50033,96.3
Euro 2004,Greece vs. Spain,Greece,Spain,,,1,1,,DRAW,2004-06-16,Group A,GROUP_STANDINGS,GROUP,Porto,Estádio do Bessa XXI,POR,25444,26324,96.7
Euro 2004,Russia vs. Portugal,Russia,Portugal,,,0,2,Portugal,WIN_REGULAR,2004-06-16,Group A,GROUP_STANDINGS,GROUP,Lisbon,Estádio do SL Benfica,POR,59273,64274,92.2
Euro 2004,England vs. Switzerland,England,Switzerland,,,3,0,England,WIN_REGULAR,2004-06-17,Group B,GROUP_STANDINGS,GROUP,Coimbra,Estádio Cidade de Coimbra,POR,28214,29622,95.2
Euro 2004,Croatia vs. France,Croatia,France,,,2,2,,DRAW,2004-06-17,Group B,GROUP_STANDINGS,GROUP,Leiria,Estádio Dr. Magalhães Pessoa,POR,29160,22857,127.6
Euro 2004,Bulgaria vs. Denmark,Bulgaria,Denmark,,,0,2,Denmark,WIN_REGULAR,2004-06-18,Group C,GROUP_STANDINGS,GROUP,Braga,Estádio Municipal de Braga,POR,24131,30286,79.7
Euro 2004,Italy vs. Sweden,Italy,Sweden,,,1,1,,DRAW,2004-06-18,Group C,GROUP_STANDINGS,GROUP,Porto,Estádio do Dragão,POR,44926,50033,89.8
Euro 2004,Latvia vs. Germany,Latvia,Germany,,,0,0,,DRAW,2004-06-19,Group D,GROUP_STANDINGS,GROUP,Porto,Estádio do Bessa XXI,POR,22344,26324,84.9
Euro 2004,Netherlands vs. Czechia,Netherlands,Czechia,,,2,3,Czechia,WIN_REGULAR,2004-06-19,Group D,GROUP_STANDINGS,GROUP,Aveiro,Estádio Municipal de Aveiro,POR,29935,31040,96.4
Euro 2004,Russia vs. Greece,Russia,Greece,,,2,1,Russia,WIN_REGULAR,2004-06-20,Group A,GROUP_STANDINGS,GROUP,Faro-Loulé,Estádio Algarve,POR,24347,21329,114.1
Euro 2004,Spain vs. Portugal,Spain,Portugal,,,0,1,Portugal,WIN_REGULAR,2004-06-20,Group A,GROUP_STANDINGS,GROUP,Lisbon,Estádio José Alvalade,POR,47491,50061,94.9
Euro 2004,Croatia vs. England,Croatia,England,,,2,4,England,WIN_REGULAR,2004-06-21,Group B,GROUP_STANDINGS,GROUP,Lisbon,Estádio do SL Benfica,POR,57047,64274,88.8
Euro 2004,Switzerland vs. France,Switzerland,France,,,1,3,France,WIN_REGULAR,2004-06-21,Group B,GROUP_STANDINGS,GROUP,Coimbra,Estádio Cidade de Coimbra,POR,28111,29622,94.9
Euro 2004,Denmark vs. Sweden,Denmark,Sweden,,,2,2,,DRAW,2004-06-22,Group C,GROUP_STANDINGS,GROUP,Porto,Estádio do Bessa XXI,POR,26115,26324,99.2
Euro 2004,Italy vs. Bulgaria,Italy,Bulgaria,,,2,1,Italy,WIN_REGULAR,2004-06-22,Group C,GROUP_STANDINGS,GROUP,Guimaraes,Estádio D. Afonso Henriques,POR,16002,29098,55.0
Euro 2004,Germany vs. Czechia,Germany,Czechia,,,1,2,Czechia,WIN_REGULAR,2004-06-23,Group D,GROUP_STANDINGS,GROUP,Lisbon,Estádio José Alvalade,POR,46849,50061,93.6
Euro 2004,Netherlands vs. Latvia,Netherlands,Latvia,,,3,0,Netherlands,WIN_REGULAR,2004-06-23,Group D,GROUP_STANDINGS,GROUP,Braga,Estádio Municipal de Braga,POR,27904,30286,92.1
Euro 2004,Portugal vs. England,Portugal,England,6,5,2,2,Portugal,WIN_ON_PENALTIES,2004-06-24,,QUARTER_FINALS,KNOCK_OUT,Lisbon,Estádio do SL Benfica,POR,62564,64274,97.3
Euro 2004,France vs. Greece,France,Greece,,,0,1,Greece,WIN_REGULAR,2004-06-25,,QUARTER_FINALS,KNOCK_OUT,Lisbon,Estádio José Alvalade,POR,45390,50061,90.7
Euro 2004,Sweden vs. Netherlands,Sweden,Netherlands,4,5,0,0,Netherlands,WIN_ON_PENALTIES,2004-06-26,,QUARTER_FINALS,KNOCK_OUT,Faro-Loulé,Estádio Algarve,POR,27762,21329,130.2
Euro 2004,Czechia vs. Denmark,Czechia,Denmark,,,3,0,Czechia,WIN_REGULAR,2004-06-27,,QUARTER_FINALS,KNOCK_OUT,Porto,Estádio do Dragão,POR,41092,50033,82.1
Euro 2004,Portugal vs. Netherlands,Portugal,Netherlands,,,2,1,Portugal,WIN_REGULAR,2004-06-30,,SEMIFINAL,KNOCK_OUT,Lisbon,Estádio José Alvalade,POR,46679,50061,93.2
Euro 2004,Greece vs. Czechia,Greece,Czechia,,,1,0,Greece,WIN_ON_SILVER_GOAL,2004-07-01,,SEMIFINAL,KNOCK_OUT,Porto,Estádio do Dragão,POR,42449,50033,84.8
Euro 2004,Portugal vs. Greece,Portugal,Greece,,,0,1,Greece,WIN_REGULAR,2004-07-04,,FINAL,FINAL,Lisbon,Estádio do SL Benfica,POR,62865,64274,97.8
Euro 2008,Switzerland vs. Czechia,Switzerland,Czechia,,,0,1,Czechia,WIN_REGULAR,2008-06-07,Group A,GROUP_STANDINGS,GROUP,Basel,St. Jakob-Park,SUI,39730,36000,110.4
Euro 2008,Portugal vs. Türkiye,Portugal,Türkiye,,,2,0,Portugal,WIN_REGULAR,2008-06-07,Group A,GROUP_STANDINGS,GROUP,Geneva,Stade de Genève,SUI,29106,26000,111.9
Euro 2008,Austria vs. Croatia,Austria,Croatia,,,0,1,Croatia,WIN_REGULAR,2008-06-08,Group B,GROUP_STANDINGS,GROUP,Vienna,Ernst-Happel-Stadion,AUT,51428,49898,103.1
Euro 2008,Germany vs. Poland,Germany,Poland,,,2,0,Germany,WIN_REGULAR,2008-06-08,Group B,GROUP_STANDINGS,GROUP,Klagenfurt,Wörthersee Stadion,AUT,30000,29863,100.5
Euro 2008,Romania vs. France,Romania,France,,,0,0,,DRAW,2008-06-09,Group C,GROUP_STANDINGS,GROUP,Zurich,Stadion Letzigrund,SUI,30585,24056,127.1
Euro 2008,Netherlands vs. Italy,Netherlands,Italy,,,3,0,Netherlands,WIN_REGULAR,2008-06-09,Group C,GROUP_STANDINGS,GROUP,Bern,Stadion Wankdorf,SUI,30777,31500,97.7
Euro 2008,Spain vs. Russia,Spain,Russia,,,4,1,Spain,WIN_REGULAR,2008-06-10,Group D,GROUP_STANDINGS,GROUP,Innsbruck,Tivoli Stadion Tirol,AUT,30772,14932,206.1
Euro 2008,Greece vs. Sweden,Greece,Sweden,,,0,2,Sweden,WIN_REGULAR,2008-06-10,Group D,GROUP_STANDINGS,GROUP,Salzburg,Stadion Salzburg,AUT,31063,30071,103.3
Euro 2008,Czechia vs. Portugal,Czechia,Portugal,,,1,3,Portugal,WIN_REGULAR,2008-06-11,Group A,GROUP_STANDINGS,GROUP,Geneva,Stade de Genève,SUI,29016,26000,111.6
Euro 2008,Switzerland vs. Türkiye,Switzerland,Türkiye,,,1,2,Türkiye,WIN_REGULAR,2008-06-11,Group A,GROUP_STANDINGS,GROUP,Basel,St. Jakob-Park,SUI,39730,36000,110.4
Euro 2008,Croatia vs. Germany,Croatia,Germany,,,2,1,Croatia,WIN_REGULAR,2008-06-12,Group B,GROUP_STANDINGS,GROUP,Klagenfurt,Wörthersee Stadion,AUT,30461,29863,102.0
Euro 2008,Austria vs. Poland,Austria,Poland,,,1,1,,DRAW,2008-06-12,Group B,GROUP_STANDINGS,GROUP,Vienna,Ernst-Happel-Stadion,AUT,51428,49898,103.1
Euro 2008,Italy vs. Romania,Italy,Romania,,,1,1,,DRAW,2008-06-13,Group C,GROUP_STANDINGS,GROUP,Zurich,Stadion Letzigrund,SUI,30585,24056,127.1
Euro 2008,Netherlands vs. France,Netherlands,France,,,4,1,Netherlands,WIN_REGULAR,2008-06-13,Group C,GROUP_STANDINGS,GROUP,Bern,Stadion Wankdorf,SUI,30777,31500,97.7
Euro 2008,Sweden vs. Spain,Sweden,Spain,,,1,2,Spain,WIN_REGULAR,2008-06-14,Group D,GROUP_STANDINGS,GROUP,Innsbruck,Tivoli Stadion Tirol,AUT,30772,14932,206.1
Euro 2008,Greece vs. Russia,Greece,Russia,,,0,1,Russia,WIN_REGULAR,2008-06-14,Group D,GROUP_STANDINGS,GROUP,Salzburg,Stadion Salzburg,AUT,31063,30071,103.3
Euro 2008,Türkiye vs. Czechia,Türkiye,Czechia,,,3,2,Türkiye,WIN_REGULAR,2008-06-15,Group A,GROUP_STANDINGS,GROUP,Geneva,Stade de Genève,SUI,29016,26000,111.6
Euro 2008,Switzerland vs. Portugal,Switzerland,Portugal,,,2,0,Switzerland,WIN_REGULAR,2008-06-15,Group A,GROUP_STANDINGS,GROUP,Basel,St. Jakob-Park,SUI,39730,36000,110.4
Euro 2008,Austria vs. Germany,Austria,Germany,,,0,1,Germany,WIN_REGULAR,2008-06-16,Group B,GROUP_STANDINGS,GROUP,Vienna,Ernst-Happel-Stadion,AUT,51428,49898,103.1
Euro 2008,Poland vs. Croatia,Poland,Croatia,,,0,1,Croatia,WIN_REGULAR,2008-06-16,Group B,GROUP_STANDINGS,GROUP,Klagenfurt,Wörthersee Stadion,AUT,30461,29863,102.0
Euro 2008,France vs. Italy,France,Italy,,,0,2,Italy,WIN_REGULAR,2008-06-17,Group C,GROUP_STANDINGS,GROUP,Zurich,Stadion Letzigrund,SUI,30585,24056,127.1
Euro 2008,Netherlands vs. Romania,Netherlands,Romania,,,2,0,Netherlands,WIN_REGULAR,2008-06-17,Group C,GROUP_STANDINGS,GROUP,Bern,Stadion Wankdorf,SUI,30777,31500,97.7
Euro 2008,Russia vs. Sweden,Russia,Sweden,,,2,0,Russia,WIN_REGULAR,2008-06-18,Group D,GROUP_STANDINGS,GROUP,Innsbruck,Tivoli Stadion Tirol,AUT,30772,14932,206.1
Euro 2008,Greece vs. Spain,Greece,Spain,,,1,2,Spain,WIN_REGULAR,2008-06-18,Group D,GROUP_STANDINGS,GROUP,Salzburg,Stadion Salzburg,AUT,30883,30071,102.7
Euro 2008,Portugal vs. Germany,Portugal,Germany,,,2,3,Germany,WIN_REGULAR,2008-06-19,,QUARTER_FINALS,KNOCK_OUT,Basel,St. Jakob-Park,SUI,39374,36000,109.4
Euro 2008,Croatia vs. Türkiye,Croatia,Türkiye,1,3,1,1,Türkiye,WIN_ON_PENALTIES,2008-06-20,,QUARTER_FINALS,KNOCK_OUT,Vienna,Ernst-Happel-Stadion,AUT,51428,49898,103.1
Euro 2008,Netherlands vs. Russia,Netherlands,Russia,,,1,3,Russia,WIN_ON_EXTRA_TIME,2008-06-21,,QUARTER_FINALS,KNOCK_OUT,Basel,St. Jakob-Park,SUI,38374,36000,106.6
Euro 2008,Spain vs. Italy,Spain,Italy,4,2,0,0,Spain,WIN_ON_PENALTIES,2008-06-22,,QUARTER_FINALS,KNOCK_OUT,Vienna,Ernst-Happel-Stadion,AUT,51178,49898,102.6
Euro 2008,Germany vs. Türkiye,Germany,Türkiye,,,3,2,Germany,WIN_REGULAR,2008-06-25,,SEMIFINAL,KNOCK_OUT,Basel,St. Jakob-Park,SUI,39374,36000,109.4
Euro 2008,Russia vs. Spain,Russia,Spain,,,0,3,Spain,WIN_REGULAR,2008-06-26,,SEMIFINAL,KNOCK_OUT,Vienna,Ernst-Happel-Stadion,AUT,51428,49898,103.1
Euro 2008,Germany vs. Spain,Germany,Spain,,,0,1,Spain,WIN_REGULAR,2008-06-29,,FINAL,FINAL,Vienna,Ernst-Happel-Stadion,AUT,51428,49898,103.1
Euro 2012,Poland vs. Greece,Poland,Greece,,,1,1,,DRAW,2012-06-08,Group A,GROUP_STANDINGS,GROUP,Warsaw,Stadion Narodowy,POL,56070,58274,96.2
Euro 2012,Russia vs. Czechia,Russia,Czechia,,,4,1,Russia,WIN_REGULAR,2012-06-08,Group A,GROUP_STANDINGS,GROUP,Wroclaw,Stadion Miejski we Wrocławiu,POL,41000,41837,98.0
Euro 2012,Netherlands vs. Denmark,Netherlands,Denmark,,,0,1,Denmark,WIN_REGULAR,2012-06-09,Group B,GROUP_STANDINGS,GROUP,Kharkiv,OSC Metalist,UKR,35923,39946,89.9
Euro 2012,Germany vs. Portugal,Germany,Portugal,,,1,0,Germany,WIN_REGULAR,2012-06-09,Group B,GROUP_STANDINGS,GROUP,Lviv,Arena Lviv,UKR,32990,34725,95.0
Euro 2012,Spain vs. Italy,Spain,Italy,,,1,1,,DRAW,2012-06-10,Group C,GROUP_STANDINGS,GROUP,Gdansk,Gdansk Stadium,POL,38869,41524,93.6
Euro 2012,Republic of Ireland vs. Croatia,Republic of Ireland,Croatia,,,1,3,Croatia,WIN_REGULAR,2012-06-10,Group C,GROUP_STANDINGS,GROUP,Poznań,Poznań Stadium,POL,39550,41609,95.1
Euro 2012,France vs. England,France,England,,,1,1,,DRAW,2012-06-11,Group D,GROUP_STANDINGS,GROUP,Donetsk,Donbass Arena,UKR,47400,52667,90.0
Euro 2012,Ukraine vs. Sweden,Ukraine,Sweden,,,2,1,Ukraine,WIN_REGULAR,2012-06-11,Group D,GROUP_STANDINGS,GROUP,Kyiv,NSC Olimpiyskiy,UKR,64290,68000,94.5
Euro 2012,Greece vs. Czechia,Greece,Czechia,,,1,2,Czechia,WIN_REGULAR,2012-06-12,Group A,GROUP_STANDINGS,GROUP,Wroclaw,Stadion Miejski we Wrocławiu,POL,41105,41837,98.3
Euro 2012,Poland vs. Russia,Poland,Russia,,,1,1,,DRAW,2012-06-12,Group A,GROUP_STANDINGS,GROUP,Warsaw,Stadion Narodowy,POL,55920,58274,96.0
Euro 2012,Denmark vs. Portugal,Denmark,Portugal,,,2,3,Portugal,WIN_REGULAR,2012-06-13,Group B,GROUP_STANDINGS,GROUP,Lviv,Arena Lviv,UKR,31840,34725,91.7
Euro 2012,Netherlands vs. Germany,Netherlands,Germany,,,1,2,Germany,WIN_REGULAR,2012-06-13,Group B,GROUP_STANDINGS,GROUP,Kharkiv,OSC Metalist,UKR,37750,39946,94.5
Euro 2012,Italy vs. Croatia,Italy,Croatia,,,1,1,,DRAW,2012-06-14,Group C,GROUP_STANDINGS,GROUP,Poznań,Poznań Stadium,POL,37096,41609,89.2
Euro 2012,Spain vs. Republic of Ireland,Spain,Republic of Ireland,,,4,0,Spain,WIN_REGULAR,2012-06-14,Group C,GROUP_STANDINGS,GROUP,Gdansk,Gdansk Stadium,POL,39150,41524,94.3
Euro 2012,Ukraine vs. France,Ukraine,France,,,0,2,France,WIN_REGULAR,2012-06-15,Group D,GROUP_STANDINGS,GROUP,Donetsk,Donbass Arena,UKR,48000,52667,91.1
Euro 2012,Sweden vs. England,Sweden,England,,,2,3,England,WIN_REGULAR,2012-06-15,Group D,GROUP_STANDINGS,GROUP,Kyiv,NSC Olimpiyskiy,UKR,64640,68000,95.1
Euro 2012,Greece vs. Russia,Greece,Russia,,,1,0,Greece,WIN_REGULAR,2012-06-16,Group A,GROUP_STANDINGS,GROUP,Warsaw,Stadion Narodowy,POL,55614,58274,95.4
Euro 2012,Czechia vs. Poland,Czechia,Poland,,,1,0,Czechia,WIN_REGULAR,2012-06-16,Group A,GROUP_STANDINGS,GROUP,Wroclaw,Stadion Miejski we Wrocławiu,POL,41000,41837,98.0
Euro 2012,Denmark vs. Germany,Denmark,Germany,,,1,2,Germany,WIN_REGULAR,2012-06-17,Group B,GROUP_STANDINGS,GROUP,Lviv,Arena Lviv,UKR,32990,34725,95.0
Euro 2012,Portugal vs. Netherlands,Portugal,Netherlands,,,2,1,Portugal,WIN_REGULAR,2012-06-17,Group B,GROUP_STANDINGS,GROUP,Kharkiv,OSC Metalist,UKR,37445,39946,93.7
Euro 2012,Italy vs. Republic of Ireland,Italy,Republic of Ireland,,,2,0,Italy,WIN_REGULAR,2012-06-18,Group C,GROUP_STANDINGS,GROUP,Poznań,Poznań Stadium,POL,38794,41609,93.2
Euro 2012,Croatia vs. Spain,Croatia,Spain,,,0,1,Spain,WIN_REGULAR,2012-06-18,Group C,GROUP_STANDINGS,GROUP,Gdansk,Gdansk Stadium,POL,39076,41524,94.1
Euro 2012,Sweden vs. France,Sweden,France,,,2,0,Sweden,WIN_REGULAR,2012-06-19,Group D,GROUP_STANDINGS,GROUP,Kyiv,NSC Olimpiyskiy,UKR,63010,68000,92.7
Euro 2012,England vs. Ukraine,England,Ukraine,,,1,0,England,WIN_REGULAR,2012-06-19,Group D,GROUP_STANDINGS,GROUP,Donetsk,Donbass Arena,UKR,48700,52667,92.5
Euro 2012,Czechia vs. Portugal,Czechia,Portugal,,,0,1,Portugal,WIN_REGULAR,2012-06-21,,QUARTER_FINALS,KNOCK_OUT,Warsaw,Stadion Narodowy,POL,55590,58274,95.4
Euro 2012,Germany vs. Greece,Germany,Greece,,,4,2,Germany,WIN_REGULAR,2012-06-22,,QUARTER_FINALS,KNOCK_OUT,Gdansk,Gdansk Stadium,POL,38751,41524,93.3
Euro 2012,Spain vs. France,Spain,France,,,2,0,Spain,WIN_REGULAR,2012-06-23,,QUARTER_FINALS,KNOCK_OUT,Donetsk,Donbass Arena,UKR,47000,52667,89.2
Euro 2012,England vs. Italy,England,Italy,2,4,0,0,Italy,WIN_ON_PENALTIES,2012-06-24,,QUARTER_FINALS,KNOCK_OUT,Kyiv,NSC Olimpiyskiy,UKR,64340,68000,94.6
Euro 2012,Portugal vs. Spain,Portugal,Spain,2,4,0,0,Spain,WIN_ON_PENALTIES,2012-06-27,,SEMIFINAL,KNOCK_OUT,Donetsk,Donbass Arena,UKR,48000,52667,91.1
Euro 2012,Germany vs. Italy,Germany,Italy,,,1,2,Italy,WIN_REGULAR,2012-06-28,,SEMIFINAL,KNOCK_OUT,Warsaw,Stadion Narodowy,POL,55540,58274,95.3
Euro 2012,Spain vs. Italy,Spain,Italy,,,4,0,Spain,WIN_REGULAR,2012-07-01,,FINAL,FINAL,Kyiv,NSC Olimpiyskiy,UKR,63170,68000,92.9
Euro 2016,France vs. Romania,France,Romania,,,2,1,France,WIN_REGULAR,2016-06-10,Group A,GROUP_STANDINGS,GROUP,Saint-Denis,Stade de France,FRA,75113,81286,92.4
Euro 2016,Albania vs. Switzerland,Albania,Switzerland,,,0,1,Switzerland,WIN_REGULAR,2016-06-11,Group A,GROUP_STANDINGS,GROUP,Lens Agglo,Stade Bollaert-Delelis,FRA,33805,38223,88.4
Euro 2016,Wales vs. Slovakia,Wales,Slovakia,,,2,1,Wales,WIN_REGULAR,2016-06-11,Group B,GROUP_STANDINGS,GROUP,Bordeaux,Stade de Bordeaux,FRA,37831,41774,90.6
Euro 2016,England vs. Russia,England,Russia,,,1,1,,DRAW,2016-06-11,Group B,GROUP_STANDINGS,GROUP,Marseille,Stade de Marseille,FRA,62343,66534,93.7
Euro 2016,Türkiye vs. Croatia,Türkiye,Croatia,,,0,1,Croatia,WIN_REGULAR,2016-06-12,Group D,GROUP_STANDINGS,GROUP,Paris,Parc des Princes,FRA,43842,47926,91.5
Euro 2016,Poland vs. Northern Ireland,Poland,Northern Ireland,,,1,0,Poland,WIN_REGULAR,2016-06-12,Group C,GROUP_STANDINGS,GROUP,Nice,Grand Stade de Nice,FRA,33742,32784,102.9
Euro 2016,Germany vs. Ukraine,Germany,Ukraine,,,2,0,Germany,WIN_REGULAR,2016-06-12,Group C,GROUP_STANDINGS,GROUP,Lille Métropole,Stade Pierre Mauroy,FRA,43035,49966,86.1
Euro 2016,Spain vs. Czechia,Spain,Czechia,,,1,0,Spain,WIN_REGULAR,2016-06-13,Group D,GROUP_STANDINGS,GROUP,Toulouse,Stadium de Toulouse,FRA,29400,31556,93.2
Euro 2016,Republic of Ireland vs. Sweden,Republic of Ireland,Sweden,,,1,1,,DRAW,2016-06-13,Group E,GROUP_STANDINGS,GROUP,Saint-Denis,Stade de France,FRA,73419,81286,90.3
Euro 2016,Belgium vs. Italy,Belgium,Italy,,,0,2,Italy,WIN_REGULAR,2016-06-13,Group E,GROUP_STANDINGS,GROUP,Lyon,OL Stadium,FRA,55408,58921,94.0
Euro 2016,Austria vs. Hungary,Austria,Hungary,,,0,2,Hungary,WIN_REGULAR,2016-06-14,Group F,GROUP_STANDINGS,GROUP,Bordeaux,Stade de Bordeaux,FRA,34424,41774,82.4
Euro 2016,Portugal vs. Iceland,Portugal,Iceland,,,1,1,,DRAW,2016-06-14,Group F,GROUP_STANDINGS,GROUP,Saint-Etienne,Stade Geoffroy Guichard,FRA,38742,42000,92.2
Euro 2016,Russia vs. Slovakia,Russia,Slovakia,,,1,2,Slovakia,WIN_REGULAR,2016-06-15,Group B,GROUP_STANDINGS,GROUP,Lille Métropole,Stade Pierre Mauroy,FRA,38989,49966,78.0
Euro 2016,Romania vs. Switzerland,Romania,Switzerland,,,1,1,,DRAW,2016-06-15,Group A,GROUP_STANDINGS,GROUP,Paris,Parc des Princes,FRA,43576,47926,90.9
Euro 2016,France vs. Albania,France,Albania,,,2,0,France,WIN_REGULAR,2016-06-15,Group A,GROUP_STANDINGS,GROUP,Marseille,Stade de Marseille,FRA,63670,66534,95.7
Euro 2016,England vs. Wales,England,Wales,,,2,1,England,WIN_REGULAR,2016-06-16,Group B,GROUP_STANDINGS,GROUP,Lens Agglo,Stade Bollaert-Delelis,FRA,34033,38223,89.0
Euro 2016,Ukraine vs. Northern Ireland,Ukraine,Northern Ireland,,,0,2,Northern Ireland,WIN_REGULAR,2016-06-16,Group C,GROUP_STANDINGS,GROUP,Lyon,OL Stadium,FRA,51043,58921,86.6
Euro 2016,Germany vs. Poland,Germany,Poland,,,0,0,,DRAW,2016-06-16,Group C,GROUP_STANDINGS,GROUP,Saint-Denis,Stade de France,FRA,73648,81286,90.6
Euro 2016,Italy vs. Sweden,Italy,Sweden,,,1,0,Italy,WIN_REGULAR,2016-06-17,Group E,GROUP_STANDINGS,GROUP,Toulouse,Stadium de Toulouse,FRA,29600,31556,93.8
Euro 2016,Czechia vs. Croatia,Czechia,Croatia,,,2,2,,DRAW,2016-06-17,Group D,GROUP_STANDINGS,GROUP,Saint-Etienne,Stade Geoffroy Guichard,FRA,38376,42000,91.4
Euro 2016,Spain vs. Türkiye,Spain,Türkiye,,,3,0,Spain,WIN_REGULAR,2016-06-17,Group D,GROUP_STANDINGS,GROUP,Nice,Grand Stade de Nice,FRA,33409,32784,101.9
Euro 2016,Belgium vs. Republic of Ireland,Belgium,Republic of Ireland,,,3,0,Belgium,WIN_REGULAR,2016-06-18,Group E,GROUP_STANDINGS,GROUP,Bordeaux,Stade de Bordeaux,FRA,39493,41774,94.5
Euro 2016,Iceland vs. Hungary,Iceland,Hungary,,,1,1,,DRAW,2016-06-18,Group F,GROUP_STANDINGS,GROUP,Marseille,Stade de Marseille,FRA,60842,66534,91.4
Euro 2016,Portugal vs. Austria,Portugal,Austria,,,0,0,,DRAW,2016-06-18,Group F,GROUP_STANDINGS,GROUP,Paris,Parc des Princes,FRA,44291,47926,92.4
Euro 2016,Switzerland vs. France,Switzerland,France,,,0,0,,DRAW,2016-06-19,Group A,GROUP_STANDINGS,GROUP,Lille Métropole,Stade Pierre Mauroy,FRA,45616,49966,91.3
Euro 2016,Romania vs. Albania,Romania,Albania,,,0,1,Albania,WIN_REGULAR,2016-06-19,Group A,GROUP_STANDINGS,GROUP,Lyon,OL Stadium,FRA,49752,58921,84.4
Euro 2016,Slovakia vs. England,Slovakia,England,,,0,0,,DRAW,2016-06-20,Group B,GROUP_STANDINGS,GROUP,Saint-Etienne,Stade Geoffroy Guichard,FRA,39051,42000,93.0
Euro 2016,Russia vs. Wales,Russia,Wales,,,0,3,Wales,WIN_REGULAR,2016-06-20,Group B,GROUP_STANDINGS,GROUP,Toulouse,Stadium de Toulouse,FRA,28840,31556,91.4
Euro 2016,Northern Ireland vs. Germany,Northern Ireland,Germany,,,0,1,Germany,WIN_REGULAR,2016-06-21,Group C,GROUP_STANDINGS,GROUP,Paris,Parc des Princes,FRA,44125,47926,92.1
Euro 2016,Ukraine vs. Poland,Ukraine,Poland,,,0,1,Poland,WIN_REGULAR,2016-06-21,Group C,GROUP_STANDINGS,GROUP,Marseille,Stade de Marseille,FRA,58874,66534,88.5
Euro 2016,Croatia vs. Spain,Croatia,Spain,,,2,1,Croatia,WIN_REGULAR,2016-06-21,Group D,GROUP_STANDINGS,GROUP,Bordeaux,Stade de Bordeaux,FRA,37245,41774,89.2
Euro 2016,Czechia vs. Türkiye,Czechia,Türkiye,,,0,2,Türkiye,WIN_REGULAR,2016-06-21,Group D,GROUP_STANDINGS,GROUP,Lens Agglo,Stade Bollaert-Delelis,FRA,32836,38223,85.9
Euro 2016,Hungary vs. Portugal,Hungary,Portugal,,,3,3,,DRAW,2016-06-22,Group F,GROUP_STANDINGS,GROUP,Lyon,OL Stadium,FRA,55514,58921,94.2
Euro 2016,Iceland vs. Austria,Iceland,Austria,,,2,1,Iceland,WIN_REGULAR,2016-06-22,Group F,GROUP_STANDINGS,GROUP,Saint-Denis,Stade de France,FRA,68714,81286,84.5
Euro 2016,Sweden vs. Belgium,Sweden,Belgium,,,0,1,Belgium,WIN_REGULAR,2016-06-22,Group E,GROUP_STANDINGS,GROUP,Nice,Grand Stade de Nice,FRA,34011,32784,103.7
Euro 2016,Italy vs. Republic of Ireland,Italy,Republic of Ireland,,,0,1,Republic of Ireland,WIN_REGULAR,2016-06-22,Group E,GROUP_STANDINGS,GROUP,Lille Métropole,Stade Pierre Mauroy,FRA,44268,49966,88.6
Euro 2016,Switzerland vs. Poland,Switzerland,Poland,4,5,1,1,Poland,WIN_ON_PENALTIES,2016-06-25,,ROUND_OF_16,KNOCK_OUT,Saint-Etienne,Stade Geoffroy Guichard,FRA,38842,42000,92.5
Euro 2016,Wales vs. Northern Ireland,Wales,Northern Ireland,,,1,0,Wales,WIN_REGULAR,2016-06-25,,ROUND_OF_16,KNOCK_OUT,Paris,Parc des Princes,FRA,44342,47926,92.5
Euro 2016,Croatia vs. Portugal,Croatia,Portugal,,,0,1,Portugal,WIN_ON_EXTRA_TIME,2016-06-25,,ROUND_OF_16,KNOCK_OUT,Lens Agglo,Stade Bollaert-Delelis,FRA,33523,38223,87.7
Euro 2016,France vs. Republic of Ireland,France,Republic of Ireland,,,2,1,France,WIN_REGULAR,2016-06-26,,ROUND_OF_16,KNOCK_OUT,Lyon,OL Stadium,FRA,56279,58921,95.5
Euro 2016,Germany vs. Slovakia,Germany,Slovakia,,,3,0,Germany,WIN_REGULAR,2016-06-26,,ROUND_OF_16,KNOCK_OUT,Lille Métropole,Stade Pierre Mauroy,FRA,44312,49966,88.7
Euro 2016,Hungary vs. Belgium,Hungary,Belgium,,,0,4,Belgium,WIN_REGULAR,2016-06-26,,ROUND_OF_16,KNOCK_OUT,Toulouse,Stadium de Toulouse,FRA,28921,31556,91.6
Euro 2016,Italy vs. Spain,Italy,Spain,,,2,0,Italy,WIN_REGULAR,2016-06-27,,ROUND_OF_16,KNOCK_OUT,Saint-Denis,Stade de France,FRA,76165,81286,93.7
Euro 2016,England vs. Iceland,England,Iceland,,,1,2,Iceland,WIN_REGULAR,2016-06-27,,ROUND_OF_16,KNOCK_OUT,Nice,Grand Stade de Nice,FRA,33901,32784,103.4
Euro 2016,Poland vs. Portugal,Poland,Portugal,3,5,1,1,Portugal,WIN_ON_PENALTIES,2016-06-30,,QUARTER_FINALS,KNOCK_OUT,Marseille,Stade de Marseille,FRA,62940,66534,94.6
Euro 2016,Wales vs. Belgium,Wales,Belgium,,,3,1,Wales,WIN_REGULAR,2016-07-01,,QUARTER_FINALS,KNOCK_OUT,Lille Métropole,Stade Pierre Mauroy,FRA,45936,49966,91.9
Euro 2016,Germany vs. Italy,Germany,Italy,6,5,1,1,Germany,WIN_ON_PENALTIES,2016-07-02,,QUARTER_FINALS,KNOCK_OUT,Bordeaux,Stade de Bordeaux,FRA,38764,41774,92.8
Euro 2016,France vs. Iceland,France,Iceland,,,5,2,France,WIN_REGULAR,2016-07-03,,QUARTER_FINALS,KNOCK_OUT,Saint-Denis,Stade de France,FRA,76833,81286,94.5
Euro 2016,Portugal vs. Wales,Portugal,Wales,,,2,0,Portugal,WIN_REGULAR,2016-07-06,,SEMIFINAL,KNOCK_OUT,Lyon,OL Stadium,FRA,55679,58921,94.5
Euro 2016,Germany vs. France,Germany,France,,,0,2,France,WIN_REGULAR,2016-07-07,,SEMIFINAL,KNOCK_OUT,Marseille,Stade de Marseille,FRA,64078,66534,96.3
Euro 2016,Portugal vs. France,Portugal,France,,,1,0,Portugal,WIN_ON_EXTRA_TIME,2016-07-10,,FINAL,FINAL,Saint-Denis,Stade de France,FRA,75868,81286,93.3
Euro 2020,Türkiye vs. Italy,Türkiye,Italy,,,0,3,Italy,WIN_REGULAR,2021-06-11,Group A,GROUP_STANDINGS,GROUP,Rome,Olimpico in Rome,ITA,12916,69689,18.5
Euro 2020,Wales vs. Switzerland,Wales,Switzerland,,,1,1,,DRAW,2021-06-12,Group A,GROUP_STANDINGS,GROUP,Baku,Baku Olympic Stadium,AZE,8782,68700,12.8
Euro 2020,Denmark vs. Finland,Denmark,Finland,,,0,1,Finland,WIN_REGULAR,2021-06-12,Group B,GROUP_STANDINGS,GROUP,Copenhagen,Parken Stadium,DEN,13790,38052,36.2
Euro 2020,Belgium vs. Russia,Belgium,Russia,,,3,0,Belgium,WIN_REGULAR,2021-06-12,Group B,GROUP_STANDINGS,GROUP,St Petersburg,Gazprom Arena,RUS,26264,59960,43.8
Euro 2020,England vs. Croatia,England,Croatia,,,1,0,England,WIN_REGULAR,2021-06-13,Group D,GROUP_STANDINGS,GROUP,London,Wembley Stadium,ENG,18497,87360,21.2
Euro 2020,Austria vs. North Macedonia,Austria,North Macedonia,,,3,1,Austria,WIN_REGULAR,2021-06-13,Group C,GROUP_STANDINGS,GROUP,Bucharest,National Arena Bucharest,ROU,9082,54231,16.7
Euro 2020,Netherlands vs. Ukraine,Netherlands,Ukraine,,,3,2,Netherlands,WIN_REGULAR,2021-06-13,Group C,GROUP_STANDINGS,GROUP,Amsterdam,Johan Cruijff ArenA,NED,15837,53338,29.7
Euro 2020,Scotland vs. Czechia,Scotland,Czechia,,,0,2,Czechia,WIN_REGULAR,2021-06-14,Group D,GROUP_STANDINGS,GROUP,Glasgow,Hampden Park,SCO,9847,51824,19.0
Euro 2020,Poland vs. Slovakia,Poland,Slovakia,,,1,2,Slovakia,WIN_REGULAR,2021-06-14,Group E,GROUP_STANDINGS,GROUP,St Petersburg,Gazprom Arena,RUS,12862,59960,21.5
Euro 2020,Spain vs. Sweden,Spain,Sweden,,,0,0,,DRAW,2021-06-14,Group E,GROUP_STANDINGS,GROUP,Seville,La Cartuja Stadium,ESP,10559,57619,18.3
Euro 2020,Hungary vs. Portugal,Hungary,Portugal,,,0,3,Portugal,WIN_REGULAR,2021-06-15,Group F,GROUP_STANDINGS,GROUP,Budapest,Puskás Aréna,HUN,55662,65014,85.6
Euro 2020,France vs. Germany,France,Germany,,,1,0,France,WIN_REGULAR,2021-06-15,Group F,GROUP_STANDINGS,GROUP,Munich,Munich Football Arena,GER,13000,75000,17.3
Euro 2020,Finland vs. Russia,Finland,Russia,,,0,1,Russia,WIN_REGULAR,2021-06-16,Group B,GROUP_STANDINGS,GROUP,St Petersburg,Gazprom Arena,RUS,24540,59960,40.9
Euro 2020,Türkiye vs. Wales,Türkiye,Wales,,,0,2,Wales,WIN_REGULAR,2021-06-16,Group A,GROUP_STANDINGS,GROUP,Baku,Baku Olympic Stadium,AZE,19762,68700,28.8
Euro 2020,Italy vs. Switzerland,Italy,Switzerland,,,3,0,Italy,WIN_REGULAR,2021-06-16,Group A,GROUP_STANDINGS,GROUP,Rome,Olimpico in Rome,ITA,12445,69689,17.9
Euro 2020,Ukraine vs. North Macedonia,Ukraine,North Macedonia,,,2,1,Ukraine,WIN_REGULAR,2021-06-17,Group C,GROUP_STANDINGS,GROUP,Bucharest,National Arena Bucharest,ROU,10001,54231,18.4
Euro 2020,Denmark vs. Belgium,Denmark,Belgium,,,1,2,Belgium,WIN_REGULAR,2021-06-17,Group B,GROUP_STANDINGS,GROUP,Copenhagen,Parken Stadium,DEN,23395,38052,61.5
Euro 2020,Netherlands vs. Austria,Netherlands,Austria,,,2,0,Netherlands,WIN_REGULAR,2021-06-17,Group C,GROUP_STANDINGS,GROUP,Amsterdam,Johan Cruijff ArenA,NED,15243,53338,28.6
Euro 2020,Sweden vs. Slovakia,Sweden,Slovakia,,,1,0,Sweden,WIN_REGULAR,2021-06-18,Group E,GROUP_STANDINGS,GROUP,St Petersburg,Gazprom Arena,RUS,11525,59960,19.2
Euro 2020,Croatia vs. Czechia,Croatia,Czechia,,,1,1,,DRAW,2021-06-18,Group D,GROUP_STANDINGS,GROUP,Glasgow,Hampden Park,SCO,5607,51824,10.8
Euro 2020,England vs. Scotland,England,Scotland,,,0,0,,DRAW,2021-06-18,Group D,GROUP_STANDINGS,GROUP,London,Wembley Stadium,ENG,20306,87360,23.2
Euro 2020,Hungary vs. France,Hungary,France,,,1,1,,DRAW,2021-06-19,Group F,GROUP_STANDINGS,GROUP,Budapest,Puskás Aréna,HUN,55998,65014,86.1
Euro 2020,Portugal vs. Germany,Portugal,Germany,,,2,4,Germany,WIN_REGULAR,2021-06-19,Group F,GROUP_STANDINGS,GROUP,Munich,Munich Football Arena,GER,12926,75000,17.2
Euro 2020,Spain vs. Poland,Spain,Poland,,,1,1,,DRAW,2021-06-19,Group E,GROUP_STANDINGS,GROUP,Seville,La Cartuja Stadium,ESP,11742,57619,20.4
Euro 2020,Italy vs. Wales,Italy,Wales,,,1,0,Italy,WIN_REGULAR,2021-06-20,Group A,GROUP_STANDINGS,GROUP,Rome,Olimpico in Rome,ITA,11541,69689,16.6
Euro 2020,Switzerland vs. Türkiye,Switzerland,Türkiye,,,3,1,Switzerland,WIN_REGULAR,2021-06-20,Group A,GROUP_STANDINGS,GROUP,Baku,Baku Olympic Stadium,AZE,17138,68700,24.9
Euro 2020,Ukraine vs. Austria,Ukraine,Austria,,,0,1,Austria,WIN_REGULAR,2021-06-21,Group C,GROUP_STANDINGS,GROUP,Bucharest,National Arena Bucharest,ROU,10472,54231,19.3
Euro 2020,North Macedonia vs. Netherlands,North Macedonia,Netherlands,,,0,3,Netherlands,WIN_REGULAR,2021-06-21,Group C,GROUP_STANDINGS,GROUP,Amsterdam,Johan Cruijff ArenA,NED,15227,53338,28.5
Euro 2020,Finland vs. Belgium,Finland,Belgium,,,0,2,Belgium,WIN_REGULAR,2021-06-21,Group B,GROUP_STANDINGS,GROUP,St Petersburg,Gazprom Arena,RUS,18545,59960,30.9
Euro 2020,Russia vs. Denmark,Russia,Denmark,,,1,4,Denmark,WIN_REGULAR,2021-06-21,Group B,GROUP_STANDINGS,GROUP,Copenhagen,Parken Stadium,DEN,23644,38052,62.1
Euro 2020,Czechia vs. England,Czechia,England,,,0,1,England,WIN_REGULAR,2021-06-22,Group D,GROUP_STANDINGS,GROUP,London,Wembley Stadium,ENG,19104,87360,21.9
Euro 2020,Croatia vs. Scotland,Croatia,Scotland,,,3,1,Croatia,WIN_REGULAR,2021-06-22,Group D,GROUP_STANDINGS,GROUP,Glasgow,Hampden Park,SCO,9896,51824,19.1
Euro 2020,Sweden vs. Poland,Sweden,Poland,,,3,2,Sweden,WIN_REGULAR,2021-06-23,Group E,GROUP_STANDINGS,GROUP,St Petersburg,Gazprom Arena,RUS,14252,59960,23.8
Euro 2020,Slovakia vs. Spain,Slovakia,Spain,,,0,5,Spain,WIN_REGULAR,2021-06-23,Group E,GROUP_STANDINGS,GROUP,Seville,La Cartuja Stadium,ESP,11204,57619,19.4
Euro 2020,Germany vs. Hungary,Germany,Hungary,,,2,2,,DRAW,2021-06-23,Group F,GROUP_STANDINGS,GROUP,Munich,Munich Football Arena,GER,12413,75000,16.6
Euro 2020,Portugal vs. France,Portugal,France,,,2,2,,DRAW,2021-06-23,Group F,GROUP_STANDINGS,GROUP,Budapest,Puskás Aréna,HUN,55886,65014,86.0
Euro 2020,Wales vs. Denmark,Wales,Denmark,,,0,4,Denmark,WIN_REGULAR,2021-06-26,,ROUND_OF_16,KNOCK_OUT,Amsterdam,Johan Cruijff ArenA,NED,14645,53338,27.5
Euro 2020,Italy vs. Austria,Italy,Austria,,,2,1,Italy,WIN_ON_EXTRA_TIME,2021-06-26,,ROUND_OF_16,KNOCK_OUT,London,Wembley Stadium,ENG,18910,87360,21.6
Euro 2020,Netherlands vs. Czechia,Netherlands,Czechia,,,0,2,Czechia,WIN_REGULAR,2021-06-27,,ROUND_OF_16,KNOCK_OUT,Budapest,Puskás Aréna,HUN,52834,65014,81.3
Euro 2020,Belgium vs. Portugal,Belgium,Portugal,,,1,0,Belgium,WIN_REGULAR,2021-06-27,,ROUND_OF_16,KNOCK_OUT,Seville,La Cartuja Stadium,ESP,11504,57619,20.0
Euro 2020,Croatia vs. Spain,Croatia,Spain,,,3,5,Spain,WIN_ON_EXTRA_TIME,2021-06-28,,ROUND_OF_16,KNOCK_OUT,Copenhagen,Parken Stadium,DEN,22771,38052,59.8
Euro 2020,France vs. Switzerland,France,Switzerland,4,5,3,3,Switzerland,WIN_ON_PENALTIES,2021-06-28,,ROUND_OF_16,KNOCK_OUT,Bucharest,National Arena Bucharest,ROU,22642,54231,41.8
Euro 2020,England vs. Germany,England,Germany,,,2,0,England,WIN_REGULAR,2021-06-29,,ROUND_OF_16,KNOCK_OUT,London,Wembley Stadium,ENG,41973,87360,48.0
Euro 2020,Sweden vs. Ukraine,Sweden,Ukraine,,,1,2,Ukraine,WIN_ON_EXTRA_TIME,2021-06-29,,ROUND_OF_16,KNOCK_OUT,Glasgow,Hampden Park,SCO,9221,51824,17.8
Euro 2020,Switzerland vs. Spain,Switzerland,Spain,1,3,1,1,Spain,WIN_ON_PENALTIES,2021-07-02,,QUARTER_FINALS,KNOCK_OUT,St Petersburg,Gazprom Arena,RUS,24764,59960,41.3
Euro 2020,Belgium vs. Italy,Belgium,Italy,,,1,2,Italy,WIN_REGULAR,2021-07-02,,QUARTER_FINALS,KNOCK_OUT,Munich,Munich Football Arena,GER,12984,75000,17.3
Euro 2020,Czechia vs. Denmark,Czechia,Denmark,,,1,2,Denmark,WIN_REGULAR,2021-07-03,,QUARTER_FINALS,KNOCK_OUT,Baku,Baku Olympic Stadium,AZE,16306,68700,23.7
Euro 2020,Ukraine vs. England,Ukraine,England,,,0,4,England,WIN_REGULAR,2021-07-03,,QUARTER_FINALS,KNOCK_OUT,Rome,Olimpico in Rome,ITA,11880,69689,17.0
Euro 2020,Italy vs. Spain,Italy,Spain,4,2,1,1,Italy,WIN_ON_PENALTIES,2021-07-06,,SEMIFINAL,KNOCK_OUT,London,Wembley Stadium,ENG,57811,87360,66.2
Euro 2020,England vs. Denmark,England,Denmark,,,2,1,England,WIN_ON_EXTRA_TIME,2021-07-07,,SEMIFINAL,KNOCK_OUT,London,Wembley Stadium,ENG,64950,87360,74.3
Euro 2020,Italy vs. England,Italy,England,3,2,1,1,Italy,WIN_ON_PENALTIES,2021-07-11,,FINAL,FINAL,London,Wembley Stadium,ENG,67173,87360,76.9
Euro 2024,Germany vs. Scotland,Germany,Scotland,,,5,1,Germany,WIN_REGULAR,2024-06-14,Group A,GROUP_STANDINGS,GROUP,Munich,Munich Football Arena,GER,65052,75000,86.7
Euro 2024,Hungary vs. Switzerland,Hungary,Switzerland,,,1,3,Switzerland,WIN_REGULAR,2024-06-15,Group A,GROUP_STANDINGS,GROUP,Cologne,Cologne Stadium,GER,41676,45134,92.3
Euro 2024,Spain vs. Croatia,Spain,Croatia,,,3,0,Spain,WIN_REGULAR,2024-06-15,Group B,GROUP_STANDINGS,GROUP,Berlin,Olympiastadion,GER,68844,74244,92.7
Euro 2024,Italy vs. Albania,Italy,Albania,,,2,1,Italy,WIN_REGULAR,2024-06-15,Group B,GROUP_STANDINGS,GROUP,Dortmund,BVB Stadion Dortmund,GER,60512,81365,74.4
Euro 2024,Poland vs. Netherlands,Poland,Netherlands,,,1,2,Netherlands,WIN_REGULAR,2024-06-16,Group D,GROUP_STANDINGS,GROUP,Hamburg,Volksparkstadion,GER,48117,51831,92.8
Euro 2024,Slovenia vs. Denmark,Slovenia,Denmark,,,1,1,,DRAW,2024-06-16,Group C,GROUP_STANDINGS,GROUP,Stuttgart,Stuttgart Arena,GER,54000,54697,98.7
Euro 2024,Serbia vs. England,Serbia,England,,,0,1,England,WIN_REGULAR,2024-06-16,Group C,GROUP_STANDINGS,GROUP,Gelsenkirchen,Arena AufSchalke,GER,48953,54740,89.4
Euro 2024,Romania vs. Ukraine,Romania,Ukraine,,,3,0,Romania,WIN_REGULAR,2024-06-17,Group E,GROUP_STANDINGS,GROUP,Munich,Munich Football Arena,GER,61591,75000,82.1
Euro 2024,Belgium vs. Slovakia,Belgium,Slovakia,,,0,1,Slovakia,WIN_REGULAR,2024-06-17,Group E,GROUP_STANDINGS,GROUP,Frankfurt am Main,Frankfurt Arena,GER,45181,49474,91.3
Euro 2024,Austria vs. France,Austria,France,,,0,1,France,WIN_REGULAR,2024-06-17,Group D,GROUP_STANDINGS,GROUP,Dusseldorf,Düsseldorf Arena,GER,46425,44559,104.2
Euro 2024,Türkiye vs. Georgia,Türkiye,Georgia,,,3,1,Türkiye,WIN_REGULAR,2024-06-18,Group F,GROUP_STANDINGS,GROUP,Dortmund,BVB Stadion Dortmund,GER,59127,81365,72.7
Euro 2024,Portugal vs. Czechia,Portugal,Czechia,,,2,1,Portugal,WIN_REGULAR,2024-06-18,Group F,GROUP_STANDINGS,GROUP,Leipzig,Leipzig Stadium,GER,38421,42146,91.2
Euro 2024,Croatia vs. Albania,Croatia,Albania,,,2,2,,DRAW,2024-06-19,Group B,GROUP_STANDINGS,GROUP,Hamburg,Volksparkstadion,GER,46784,51831,90.3
Euro 2024,Germany vs. Hungary,Germany,Hungary,,,2,0,Germany,WIN_REGULAR,2024-06-19,Group A,GROUP_STANDINGS,GROUP,Stuttgart,Stuttgart Arena,GER,54000,54697,98.7
Euro 2024,Scotland vs. Switzerland,Scotland,Switzerland,,,1,1,,DRAW,2024-06-19,Group A,GROUP_STANDINGS,GROUP,Cologne,Cologne Stadium,GER,42711,45134,94.6
Euro 2024,Slovenia vs. Serbia,Slovenia,Serbia,,,1,1,,DRAW,2024-06-20,Group C,GROUP_STANDINGS,GROUP,Munich,Munich Football Arena,GER,63028,75000,84.0
Euro 2024,Denmark vs. England,Denmark,England,,,1,1,,DRAW,2024-06-20,Group C,GROUP_STANDINGS,GROUP,Frankfurt am Main,Frankfurt Arena,GER,46177,49474,93.3
Euro 2024,Spain vs. Italy,Spain,Italy,,,1,0,Spain,WIN_REGULAR,2024-06-20,Group B,GROUP_STANDINGS,GROUP,Gelsenkirchen,Arena AufSchalke,GER,49528,54740,90.5
Euro 2024,Slovakia vs. Ukraine,Slovakia,Ukraine,,,1,2,Ukraine,WIN_REGULAR,2024-06-21,Group E,GROUP_STANDINGS,GROUP,Dusseldorf,Düsseldorf Arena,GER,43910,44559,98.5
Euro 2024,Poland vs. Austria,Poland,Austria,,,1,3,Austria,WIN_REGULAR,2024-06-21,Group D,GROUP_STANDINGS,GROUP,Berlin,Olympiastadion,GER,69455,74244,93.5
Euro 2024,Netherlands vs. France,Netherlands,France,,,0,0,,DRAW,2024-06-21,Group D,GROUP_STANDINGS,GROUP,Leipzig,Leipzig Stadium,GER,38531,42146,91.4
Euro 2024,Georgia vs. Czechia,Georgia,Czechia,,,1,1,,DRAW,2024-06-22,Group F,GROUP_STANDINGS,GROUP,Hamburg,Volksparkstadion,GER,46524,51831,89.8
Euro 2024,Türkiye vs. Portugal,Türkiye,Portugal,,,0,3,Portugal,WIN_REGULAR,2024-06-22,Group F,GROUP_STANDINGS,GROUP,Dortmund,BVB Stadion Dortmund,GER,61047,81365,75.0
Euro 2024,Belgium vs. Romania,Belgium,Romania,,,2,0,Belgium,WIN_REGULAR,2024-06-22,Group E,GROUP_STANDINGS,GROUP,Cologne,Cologne Stadium,GER,42535,45134,94.2
Euro 2024,Scotland vs. Hungary,Scotland,Hungary,,,0,1,Hungary,WIN_REGULAR,2024-06-23,Group A,GROUP_STANDINGS,GROUP,Stuttgart,Stuttgart Arena,GER,54000,54697,98.7
Euro 2024,Switzerland vs. Germany,Switzerland,Germany,,,1,1,,DRAW,2024-06-23,Group A,GROUP_STANDINGS,GROUP,Frankfurt am Main,Frankfurt Arena,GER,46685,49474,94.4
Euro 2024,Croatia vs. Italy,Croatia,Italy,,,1,1,,DRAW,2024-06-24,Group B,GROUP_STANDINGS,GROUP,Leipzig,Leipzig Stadium,GER,38322,42146,90.9
Euro 2024,Albania vs. Spain,Albania,Spain,,,0,1,Spain,WIN_REGULAR,2024-06-24,Group B,GROUP_STANDINGS,GROUP,Dusseldorf,Düsseldorf Arena,GER,46586,44559,104.5
Euro 2024,France vs. Poland,France,Poland,,,1,1,,DRAW,2024-06-25,Group D,GROUP_STANDINGS,GROUP,Dortmund,BVB Stadion Dortmund,GER,59728,81365,73.4
Euro 2024,Netherlands vs. Austria,Netherlands,Austria,,,2,3,Austria,WIN_REGULAR,2024-06-25,Group D,GROUP_STANDINGS,GROUP,Berlin,Olympiastadion,GER,68363,74244,92.1
Euro 2024,Denmark vs. Serbia,Denmark,Serbia,,,0,0,,DRAW,2024-06-25,Group C,GROUP_STANDINGS,GROUP,Munich,Munich Football Arena,GER,64288,75000,85.7
Euro 2024,England vs. Slovenia,England,Slovenia,,,0,0,,DRAW,2024-06-25,Group C,GROUP_STANDINGS,GROUP,Cologne,Cologne Stadium,GER,41536,45134,92.0
Euro 2024,Ukraine vs. Belgium,Ukraine,Belgium,,,0,0,,DRAW,2024-06-26,Group E,GROUP_STANDINGS,GROUP,Stuttgart,Stuttgart Arena,GER,54000,54697,98.7
Euro 2024,Slovakia vs. Romania,Slovakia,Romania,,,1,1,,DRAW,2024-06-26,Group E,GROUP_STANDINGS,GROUP,Frankfurt am Main,Frankfurt Arena,GER,45033,49474,91.0
Euro 2024,Czechia vs. Türkiye,Czechia,Türkiye,,,1,2,Türkiye,WIN_REGULAR,2024-06-26,Group F,GROUP_STANDINGS,GROUP,Hamburg,Volksparkstadion,GER,47683,51831,92.0
Euro 2024,Georgia vs. Portugal,Georgia,Portugal,,,2,0,Georgia,WIN_REGULAR,2024-06-26,Group F,GROUP_STANDINGS,GROUP,Gelsenkirchen,Arena AufSchalke,GER,49616,54740,90.6
Euro 2024,Switzerland vs. Italy,Switzerland,Italy,,,2,0,Switzerland,WIN_REGULAR,2024-06-29,,ROUND_OF_16,KNOCK_OUT,Berlin,Olympiastadion,GER,68172,74244,91.8
Euro 2024,Germany vs. Denmark,Germany,Denmark,,,2,0,Germany,WIN_REGULAR,2024-06-29,,ROUND_OF_16,KNOCK_OUT,Dortmund,BVB Stadion Dortmund,GER,61612,81365,75.7
Euro 2024,England vs. Slovakia,England,Slovakia,,,2,1,England,WIN_ON_EXTRA_TIME,2024-06-30,,ROUND_OF_16,KNOCK_OUT,Gelsenkirchen,Arena AufSchalke,GER,47244,54740,86.3
Euro 2024,Spain vs. Georgia,Spain,Georgia,,,4,1,Spain,WIN_REGULAR,2024-06-30,,ROUND_OF_16,KNOCK_OUT,Cologne,Cologne Stadium,GER,42233,45134,93.6
Euro 2024,France vs. Belgium,France,Belgium,,,1,0,France,WIN_REGULAR,2024-07-01,,ROUND_OF_16,KNOCK_OUT,Dusseldorf,Düsseldorf Arena,GER,46810,44559,105.1
Euro 2024,Portugal vs. Slovenia,Portugal,Slovenia,3,0,0,0,Portugal,WIN_ON_PENALTIES,2024-07-01,,ROUND_OF_16,KNOCK_OUT,Frankfurt am Main,Frankfurt Arena,GER,46576,49474,94.1
Euro 2024,Romania vs. Netherlands,Romania,Netherlands,,,0,3,Netherlands,WIN_REGULAR,2024-07-02,,ROUND_OF_16,KNOCK_OUT,Munich,Munich Football Arena,GER,65012,75000,86.7
Euro 2024,Austria vs. Türkiye,Austria,Türkiye,,,1,2,Türkiye,WIN_REGULAR,2024-07-02,,ROUND_OF_16,KNOCK_OUT,Leipzig,Leipzig Stadium,GER,38305,42146,90.9
Euro 2024,Spain vs. Germany,Spain,Germany,,,2,1,Spain,WIN_ON_EXTRA_TIME,2024-07-05,,QUARTER_FINALS,KNOCK_OUT,Stuttgart,Stuttgart Arena,GER,54000,54697,98.7
Euro 2024,Portugal vs. France,Portugal,France,3,5,0,0,France,WIN_ON_PENALTIES,2024-07-05,,QUARTER_FINALS,KNOCK_OUT,Hamburg,Volksparkstadion,GER,47789,51831,92.2
Euro 2024,England vs. Switzerland,England,Switzerland,5,3,1,1,England,WIN_ON_PENALTIES,2024-07-06,,QUARTER_FINALS,KNOCK_OUT,Dusseldorf,Düsseldorf Arena,GER,46907,44559,105.3
Euro 2024,Netherlands vs. Türkiye,Netherlands,Türkiye,,,2,1,Netherlands,WIN_REGULAR,2024-07-06,,QUARTER_FINALS,KNOCK_OUT,Berlin,Olympiastadion,GER,70091,74244,94.4
Euro 2024,Spain vs. France,Spain,France,,,2,1,Spain,WIN_REGULAR,2024-07-09,,SEMIFINAL,KNOCK_OUT,Munich,Munich Football Arena,GER,62042,75000,82.7
Euro 2024,Netherlands vs. England,Netherlands,England,,,1,2,England,WIN_REGULAR,2024-07-10,,SEMIFINAL,KNOCK_OUT,Dortmund,BVB Stadion Dortmund,GER,60926,81365,74.9
Euro 2024,Spain vs. England,Spain,England,,,2,1,Spain,WIN_REGULAR,2024-07-14,,FINAL,KNOCK_OUT,Berlin,Olympiastadion,GER,,74244,0.0
